{"count":1,"self":30.457728,"total":74.96230349999999,"children":{"InitializeActuators":{"count":35,"self":0.0009999,"total":0.0009999,"children":null},"InitializeSensors":{"count":35,"self":0.0025127,"total":0.0025127,"children":null},"AgentSendState":{"count":8017,"self":7.1584544,"total":8.1387059999999991,"children":{"CollectObservations":{"count":56140,"self":0.0289497,"total":0.0289497,"children":null},"WriteActionMask":{"count":56140,"self":0.0247055,"total":0.0247055,"children":null},"RequestDecision":{"count":56140,"self":0.0997039,"total":0.9265964,"children":{"AgentInfo.ToProto":{"count":56140,"self":0.074688999999999992,"total":0.82689249999999992,"children":{"GenerateSensorData":{"count":56140,"self":0.4625262,"total":0.75220349999999991,"children":{"RayPerceptionSensor.Perceive":{"count":56140,"self":0.28967729999999997,"total":0.28967729999999997,"children":null}}}}}}}}},"DecideAction":{"count":8017,"self":36.1276256,"total":36.1276254,"children":null},"AgentAct":{"count":8017,"self":0.14259739999999999,"total":0.14259739999999999,"children":null},"AgentInfo.ToProto":{"count":5038,"self":0.007677,"total":0.0921356,"children":{"GenerateSensorData":{"count":5038,"self":0.058773799999999994,"total":0.0844586,"children":{"RayPerceptionSensor.Perceive":{"count":5038,"self":0.025684799999999997,"total":0.025684799999999997,"children":null}}}}}},"gauges":{"AnimalAgent.CumulativeReward":{"count":5038,"max":60.7902451,"min":-9.88,"runningAverage":-1.7813282,"value":-1.76,"weightedAverage":-1.75999975}},"metadata":{"timer_format_version":"0.1.0","start_time_seconds":"1718939469","unity_version":"2022.3.20f1","command_line_arguments":"C:\\Program Files\\Unity\\Hub\\Editor\\2022.3.20f1\\Editor\\Unity.exe -projectpath C:\\Users\\USER\\Documents\\GitHub\\MLAgent-Project -useHub -hubIPC -cloudEnvironment production","communication_protocol_version":"1.5.0","com.unity.ml-agents_version":"2.3.0-exp.3","scene_name":"RaceScene","end_time_seconds":"1718939544"}}